date,state,city,address,killed,injured,incident,gun
"March 13, 2018",Indiana,Indianapolis,N Sherman Dr and 30th St,0,1,http://www.gunviolencearchive.org/incident/1068494,Unknown
"March 13, 2018",Ohio,Dayton,4919 Hoover Ave,0,2,http://www.gunviolencearchive.org/incident/1068490,Unknown
"March 13, 2018",Ohio,Dayton,Salem Ave and Klepinger Rd,0,1,http://www.gunviolencearchive.org/incident/1068486,Unknown
"March 13, 2018",Wisconsin,Milwaukee,9091 N 76TH ST,0,0,http://www.gunviolencearchive.org/incident/1068484,Unknown
"March 13, 2018",Wisconsin,Milwaukee,5750 N 98TH ST,0,0,http://www.gunviolencearchive.org/incident/1068483,
"March 13, 2018",Wisconsin,Milwaukee,608 S 28TH ST,0,0,http://www.gunviolencearchive.org/incident/1068480,
"March 13, 2018",Michigan,Minneapolis,XX block of Aldrich Ave N,0,0,http://www.gunviolencearchive.org/incident/1068463,
"March 13, 2018",Minnesota,Mineapolis,2500 block of Penn Ave N,0,0,http://www.gunviolencearchive.org/incident/1068450,
"March 13, 2018",Ohio,Canton,3200 Atlantic Blvd NE,0,0,http://www.gunviolencearchive.org/incident/1068443,Handgun
"March 13, 2018",Pennsylvania,Easton,1500 block of Butler St,0,0,http://www.gunviolencearchive.org/incident/1068438,URL: http://www.lehighvalleylive.com/easton/index.ssf/2018/03/shots_fired_on_butler_street_i.html#incart_river_indexUnknown
"March 13, 2018",Florida,Orlando,3100 Edgewater Dr,0,0,http://www.gunviolencearchive.org/incident/1068387,Unknown
"March 13, 2018",Michigan,Rochester (Rochester Hills),3400 block of Emmons Ave,1,0,http://www.gunviolencearchive.org/incident/1068379,Unknown
"March 13, 2018",Florida,Jacksonville,6192 Townsend Rd,1,0,http://www.gunviolencearchive.org/incident/1068372,Unknown
"March 13, 2018",Michigan,Detroit,E WARREN AVE AND LAKEPOINTE ST,0,0,http://www.gunviolencearchive.org/incident/1068363,
"March 13, 2018",Michigan,Detroit,TIREMAN ST AND W PARKWAY ST,0,0,http://www.gunviolencearchive.org/incident/1068359,
"March 13, 2018",Michigan,Detroit,300 BLOCK OF CAMPBELL ST,0,0,http://www.gunviolencearchive.org/incident/1068352,
"March 13, 2018",Wisconsin,Milwaukee,3925 N 41ST ST,0,0,http://www.gunviolencearchive.org/incident/1068349,
"March 13, 2018",Wisconsin,Milwaukee,8940 N 85TH ST,0,0,http://www.gunviolencearchive.org/incident/1068348,
"March 13, 2018",Wisconsin,Milwaukee,3100 W THURSTON AVE,0,0,http://www.gunviolencearchive.org/incident/1068347,
"March 13, 2018",Wisconsin,Milwaukee,N 76TH ST AND W CAPITOL DR,0,0,http://www.gunviolencearchive.org/incident/1068346,
"March 13, 2018",Virginia,Alexandria,1005 Mt Vernon Ave,0,0,http://www.gunviolencearchive.org/incident/1068301,Unknown
"March 12, 2018",Oklahoma,Tulsa,2749 E Admiral Place,0,0,http://www.gunviolencearchive.org/incident/1068098,Unknown
"March 12, 2018",Oklahoma,Oklahoma City,Brookline Ave and SW 40th St,0,1,http://www.gunviolencearchive.org/incident/1068087,Unknown
"March 12, 2018",Alabama,Mobile,8070 Domain St,1,0,http://www.gunviolencearchive.org/incident/1068073,9mm
"March 12, 2018",California,Santa Clara,Lewis St and Main St,0,0,http://www.gunviolencearchive.org/incident/1068071,9mm
"March 12, 2018",Texas,Beaumont,1300 block of Loop Rd,0,1,http://www.gunviolencearchive.org/incident/1067995,Unknown
"March 12, 2018",Missouri,Cape Girardeau,N/A,1,0,http://www.gunviolencearchive.org/incident/1067443,Unknown
"March 12, 2018",Missouri,Kansas City,E 35th St and Prospect Ave,1,0,http://www.gunviolencearchive.org/incident/1067978,Unknown
"March 12, 2018",Colorado,Colorado Springs,600 block of S Hancock Ave,0,0,http://www.gunviolencearchive.org/incident/1067957,Unknown
"March 12, 2018",Kentucky,Louisville,2900 block of S 4th St,0,1,http://www.gunviolencearchive.org/incident/1067946,Unknown
"March 12, 2018",Massachusetts,Holyoke,I-391 and High St,0,0,http://www.gunviolencearchive.org/incident/1067927,Unknown
"March 12, 2018",Rhode Island,Providence,Douglas Ave and Lancashire St,0,1,http://www.gunviolencearchive.org/incident/1067924,Unknown
"March 12, 2018",Colorado,Denver,W Vassar Ave and S Grove St,1,1,http://www.gunviolencearchive.org/incident/1067910,Unknown
"March 12, 2018",North Carolina,High Point,1000 block of Asheboro St,0,1,http://www.gunviolencearchive.org/incident/1067902,Unknown
"March 12, 2018",Virginia,Prince George,4400 block of Jefferson Point Ln,0,1,http://www.gunviolencearchive.org/incident/1067881,Unknown
"March 12, 2018",California,San Francisco,500 block of Madrid St,0,0,http://www.gunviolencearchive.org/incident/1067864,Unknown
"March 12, 2018",North Carolina,Charlotte,4400 Sharon Rd,0,1,http://www.gunviolencearchive.org/incident/1067850,Unknown
"March 12, 2018",California,Santa Rosa,Stony Point Rd,0,0,http://www.gunviolencearchive.org/incident/1067848,Unknown
"March 12, 2018",North Carolina,Charlotte,5500 block of Firelight Ln,1,0,http://www.gunviolencearchive.org/incident/1067842,Unknown
"March 12, 2018",Ohio,Cleveland,2400 block of E 36th St,0,2,http://www.gunviolencearchive.org/incident/1067816,Unknown
"March 12, 2018",Connecticut,New London,290 Broad St,0,1,http://www.gunviolencearchive.org/incident/1067810,Unknown
"March 12, 2018",Nevada,Las Vegas,2112 Western Ave,0,1,http://www.gunviolencearchive.org/incident/1067787,Unknown
"March 12, 2018",Alabama,Birmingham,Oakmont Street and Slayton Avenue,1,0,http://www.gunviolencearchive.org/incident/1067785,Unknown
"March 12, 2018",New Jersey,Bloomfield,N 17th St,1,0,http://www.gunviolencearchive.org/incident/1067746,Unknown
"March 12, 2018",Illinois,Elgin,I-90,1,0,http://www.gunviolencearchive.org/incident/1067406,Unknown
"March 12, 2018",New Jersey,Wrightstown,423 E Main St,0,0,http://www.gunviolencearchive.org/incident/1067643,Unknown
"March 12, 2018",South Carolina,Taylors,512 Reid School Rd,0,1,http://www.gunviolencearchive.org/incident/1067633,Unknown
"March 12, 2018",Florida,Jacksonville,Thumper St,0,1,http://www.gunviolencearchive.org/incident/1067601,Unknown
"March 12, 2018",Wisconsin,Milwaukee,915 W SCOTT ST,0,0,http://www.gunviolencearchive.org/incident/1067568,Unknown
"March 12, 2018",Minnesota,Cottage Grove,8300 block of Johansen Ave,0,0,http://www.gunviolencearchive.org/incident/1067563,Unknown
"March 12, 2018",Nevada,Las Vegas,2112 Western Ave,0,1,http://www.gunviolencearchive.org/incident/1067787,Unknown
"March 12, 2018",Alabama,Birmingham,Oakmont Street and Slayton Avenue,1,0,http://www.gunviolencearchive.org/incident/1067785,Unknown
"March 12, 2018",New Jersey,Bloomfield,N 17th St,1,0,http://www.gunviolencearchive.org/incident/1067746,Unknown
"March 12, 2018",Illinois,Elgin,I-90,1,0,http://www.gunviolencearchive.org/incident/1067406,Unknown
"March 12, 2018",New Jersey,Wrightstown,423 E Main St,0,0,http://www.gunviolencearchive.org/incident/1067643,Unknown
"March 12, 2018",South Carolina,Taylors,512 Reid School Rd,0,1,http://www.gunviolencearchive.org/incident/1067633,Unknown
"March 12, 2018",Florida,Jacksonville,Thumper St,0,1,http://www.gunviolencearchive.org/incident/1067601,Unknown
"March 12, 2018",Wisconsin,Milwaukee,915 W SCOTT ST,0,0,http://www.gunviolencearchive.org/incident/1067568,Unknown
"March 12, 2018",Minnesota,Cottage Grove,8300 block of Johansen Ave,0,0,http://www.gunviolencearchive.org/incident/1067563,Unknown
"March 12, 2018",Florida,Tallahassee,Mission Rd,0,0,http://www.gunviolencearchive.org/incident/1068473,Unknown
"March 12, 2018",Ohio,Cincinnati,3217 Beekman St,0,0,http://www.gunviolencearchive.org/incident/1068464,Unknown
"March 12, 2018",Minnesota,Minneapolis,29th St and Chicago Ave,0,0,http://www.gunviolencearchive.org/incident/1068462,
"March 12, 2018",Minnesota,Scandia,14200 block of 236th St N,0,0,http://www.gunviolencearchive.org/incident/1068460,
"March 12, 2018",Minnesota,Minneapolis,9200 block of 21st Ave N,0,0,http://www.gunviolencearchive.org/incident/1068453,
"March 12, 2018",Ohio,Cambridge,Huston Hills Dr,0,0,http://www.gunviolencearchive.org/incident/1068452,Unknown
"March 12, 2018",Minnesota,Minneapolis,3300 block of Colfax Ave N,0,0,http://www.gunviolencearchive.org/incident/1068451,
"March 12, 2018",Michigan,Midland,2019 E Ashman St,1,0,http://www.gunviolencearchive.org/incident/1067500,Unknown
"March 12, 2018",Minnesota,Rochester,2800 block of Charles Court NW,1,0,http://www.gunviolencearchive.org/incident/1068428,Unknown
"March 12, 2018",Florida,Plant City,3940 E Knights Griffin Rd,2,1,http://www.gunviolencearchive.org/incident/1068150,Unknown
"March 12, 2018",Michigan,Kalamazoo,W Patterson St,0,0,http://www.gunviolencearchive.org/incident/1068406,"
The source screenshot will be available soon. Unknown"
"March 12, 2018",Michigan,Detroit,DICKERSON ST AND KILBOURNE AVE,0,0,http://www.gunviolencearchive.org/incident/1067499,
"March 12, 2018",Florida,Marianna,N/A,0,0,http://www.gunviolencearchive.org/incident/1068399,Unknown
"March 12, 2018",Alaska,Deshka River,N/A,0,0,http://www.gunviolencearchive.org/incident/1068398,Unknown
"March 12, 2018",Pennsylvania,Philadelphia,17th St and W Atlantic St,1,0,http://www.gunviolencearchive.org/incident/1068389,Unknown
"March 12, 2018",New York,Great Neck,Maple St and E Shore Rd,1,0,http://www.gunviolencearchive.org/incident/1067680,Unknown
"March 12, 2018",Michigan,Detroit,7500 BLOCK OF AUBURN ST,0,0,http://www.gunviolencearchive.org/incident/1068357,
"March 12, 2018",Michigan,Detroit,SOUTHAMPTON ST AND SOMERSET AVE,0,0,http://www.gunviolencearchive.org/incident/1068356,
"March 12, 2018",Michigan,Detroit,MINOCK ST AND W CHICAGO ST,0,0,http://www.gunviolencearchive.org/incident/1068355,
"March 12, 2018",Michigan,Detroit,5500 BLOCK OF CONNER ST,0,0,http://www.gunviolencearchive.org/incident/1068354,
"March 12, 2018",Michigan,Detroit,20200 BLOCK OF EVERGREEN RD,0,0,http://www.gunviolencearchive.org/incident/1068353,
"March 12, 2018",Michigan,Detroit,16000 BLOCK OF W 9 MILE RD,0,0,http://www.gunviolencearchive.org/incident/1068351,
"March 12, 2018",Michigan,Detroit,6700 BLOCK OF BUHR ST,0,0,http://www.gunviolencearchive.org/incident/1068350,
"March 12, 2018",New Jersey,Newark,E Peddie St and Frelinghuysen Ave,1,0,http://www.gunviolencearchive.org/incident/1068343,Unknown
"March 12, 2018",New Jersey,Newark,700 block of Dr Martin Luther King Jr Blvd,1,0,http://www.gunviolencearchive.org/incident/1068341,Unknown
"March 12, 2018",Indiana,South Bend,Kosciuszko St and Ford St,0,1,http://www.gunviolencearchive.org/incident/1068333,Unknown
"March 12, 2018",Florida,Fort Myers,12499 S Cleveland Ave,0,0,http://www.gunviolencearchive.org/incident/1067430,Unknown
"March 12, 2018",Indiana,South Bend,700 block of S Falcon St,0,1,http://www.gunviolencearchive.org/incident/1068326,Unknown
"March 12, 2018",Illinois,Chicago,8200 block of S Ingleside Ave,0,1,http://www.gunviolencearchive.org/incident/1067422,Unknown
"March 12, 2018",Illinois,Chicago,N/A,0,1,http://www.gunviolencearchive.org/incident/1068294,Unknown
"March 12, 2018",Illinois,Dolton,44 E Sibley Blvd,0,1,http://www.gunviolencearchive.org/incident/1068291,Unknown
"March 12, 2018",Maryland,Owings Mills,11200 Reisterstown Rd,0,0,http://www.gunviolencearchive.org/incident/1068208,Unknown
"March 12, 2018",Massachusetts,Worcester,Vernon St,0,1,http://www.gunviolencearchive.org/incident/1068250,Unknown
"March 12, 2018",Alabama,Morris,1073 Morris Majestic Rd,1,0,http://www.gunviolencearchive.org/incident/1068243,Unknown
"March 12, 2018",Texas,Austin,6200 block of La Naranja Ln,0,1,http://www.gunviolencearchive.org/incident/1068233,Unknown
"March 12, 2018",Illinois,Chicago,11500 block of S Perry Ave,0,1,http://www.gunviolencearchive.org/incident/1068209,Unknown
"March 12, 2018",Illinois,Chicago,5700 block of W Irving Park Rd,0,1,http://www.gunviolencearchive.org/incident/1068205,Unknown
"March 12, 2018",Illinois,Chicago,3600 block of S Winchester Ave,0,1,http://www.gunviolencearchive.org/incident/1068202,Unknown
"March 12, 2018",Texas,Austin,6200 block of La Naranja Ln,0,1,http://www.gunviolencearchive.org/incident/1068193,Unknown
"March 12, 2018",Nebraska,Omaha,5932 N 33rd Ave,1,1,http://www.gunviolencearchive.org/incident/1068189,Unknown
"March 12, 2018",Michigan,Shepherd,150 W Hall St,0,0,http://www.gunviolencearchive.org/incident/1068185,Unknown
"March 11, 2018",Missouri,Saint Louis,6124 N Broadway,0,1,http://www.gunviolencearchive.org/incident/1067071,Unknown
"March 11, 2018",Washington,Seattle,2400 block of Aurora Avenue North,0,2,http://www.gunviolencearchive.org/incident/1068040,Unknown
"March 11, 2018",Missouri,Saint Louis,N Grand Blvd and Natural Bridge Ave,0,1,http://www.gunviolencearchive.org/incident/1068030,Unknown
"March 11, 2018",Washington,Bellevue,11211 Main St,0,1,http://www.gunviolencearchive.org/incident/1068015,Unknown
"March 11, 2018",Washington,Tacoma,5300 block of East N St,1,0,http://www.gunviolencearchive.org/incident/1067219,Unknown
"March 11, 2018",Arizona,Phoenix,19th Ave and Osborn Rd,0,1,http://www.gunviolencearchive.org/incident/1067324,Unknown
"March 11, 2018",Kansas,Kansas City,511 N 64th St,1,0,http://www.gunviolencearchive.org/incident/1067068,Unknown
"March 11, 2018",Missouri,Independence,14600 block of E 36th Terrace S,2,0,http://www.gunviolencearchive.org/incident/1067984,Handgun
"March 11, 2018",Kansas,Salina,2100 block of Meadowlark Ln,0,0,http://www.gunviolencearchive.org/incident/1067969,
"March 11, 2018",Texas,Houston,I-10,0,0,http://www.gunviolencearchive.org/incident/1067309,Unknown
"March 11, 2018",Michigan,Jackson,Tyson St and Watts St,1,0,http://www.gunviolencearchive.org/incident/1067302,Unknown
"March 11, 2018",Michigan,Saginaw,Cumberland Ave and Hess St,0,5,http://www.gunviolencearchive.org/incident/1067296,Unknown
"March 11, 2018",Texas,Houston,3950 Hollister Rd,1,0,http://www.gunviolencearchive.org/incident/1067282,Unknown
"March 11, 2018",Texas,Fort Worth,1501 Stella St,1,0,http://www.gunviolencearchive.org/incident/1067252,Unknown
"March 11, 2018",Illinois,Champaign,700 block of N Hickory St,1,3,http://www.gunviolencearchive.org/incident/1067264,Unknown
"March 11, 2018",West Virginia,Scarbro,Dove Rd,0,0,http://www.gunviolencearchive.org/incident/1067926,Handgun
"March 11, 2018",Illinois,Chicago,2200 block of S Trumbull Ave,0,1,http://www.gunviolencearchive.org/incident/1067255,Unknown
"March 11, 2018",West Virginia,Huntington,2000 block of 11th Ave,1,1,http://www.gunviolencearchive.org/incident/1067024,Unknown
"March 11, 2018",Alaska,Anchorage,8900 block of Woodstock Cir,0,1,http://www.gunviolencearchive.org/incident/1067249,Unknown
"March 11, 2018",Indiana,Gary,2100 block of Carolina St,1,1,http://www.gunviolencearchive.org/incident/1067123,Unknown
"March 11, 2018",Virginia,Danville,600 block of Gay St,1,1,http://www.gunviolencearchive.org/incident/1067897,Unknown
"March 11, 2018",California,Bakersfield,100 block of Augusta St,0,1,http://www.gunviolencearchive.org/incident/1067889,Unknown
"March 11, 2018",Illinois,Chicago,1 block of E Chicago Ave,0,1,http://www.gunviolencearchive.org/incident/1067227,Unknown
"March 11, 2018",Indiana,Gary,5100 block of Georgia St,1,0,http://www.gunviolencearchive.org/incident/1067214,Unknown
"March 11, 2018",Indiana,Gary,4400 block of W 21st Ave,0,1,http://www.gunviolencearchive.org/incident/1067210,Unknown
"March 11, 2018",Alaska,Anchorage,8900 block of Woodstock Cir,0,1,http://www.gunviolencearchive.org/incident/1067249,Unknown
"March 11, 2018",Indiana,Gary,2100 block of Carolina St,1,1,http://www.gunviolencearchive.org/incident/1067123,Unknown
"March 11, 2018",Virginia,Danville,600 block of Gay St,1,1,http://www.gunviolencearchive.org/incident/1067897,Unknown
"March 11, 2018",California,Bakersfield,100 block of Augusta St,0,1,http://www.gunviolencearchive.org/incident/1067889,Unknown
"March 11, 2018",Illinois,Chicago,1 block of E Chicago Ave,0,1,http://www.gunviolencearchive.org/incident/1067227,Unknown
"March 11, 2018",Indiana,Gary,5100 block of Georgia St,1,0,http://www.gunviolencearchive.org/incident/1067214,Unknown
"March 11, 2018",Indiana,Gary,4400 block of W 21st Ave,0,1,http://www.gunviolencearchive.org/incident/1067210,Unknown
"March 11, 2018",Tennessee,Antioch,1104 Hickory Hollow Terr,0,2,http://www.gunviolencearchive.org/incident/1067871,Unknown
"March 11, 2018",Pennsylvania,Fort Washington,Madison Ave,0,0,http://www.gunviolencearchive.org/incident/1067852,Unknown
"March 11, 2018",Pennsylvania,Manheim,NA,0,0,http://www.gunviolencearchive.org/incident/1067838,Unknown
"March 11, 2018",California,El Cajon,Mona Pl,1,0,http://www.gunviolencearchive.org/incident/1067158,Unknown
"March 11, 2018",Indiana,Vigo (county),N/A,0,0,http://www.gunviolencearchive.org/incident/1067155,Unknown
"March 11, 2018",Mississippi,Greenwood,1200 Clay Ave,1,0,http://www.gunviolencearchive.org/incident/1067823,Unknown
"March 11, 2018",Florida,Wimauma,3200 block of Saffold Road,0,1,http://www.gunviolencearchive.org/incident/1066965,45 Auto
"March 11, 2018",California,Santa Cruz,100 block of Myrtle St,0,0,http://www.gunviolencearchive.org/incident/1067813,Handgun
"March 11, 2018",Louisiana,Prairieville,Braud Road,1,0,http://www.gunviolencearchive.org/incident/1067807,Unknown
"March 11, 2018",Louisiana,New Orleans,10200 block of Brookfield Drive,1,0,http://www.gunviolencearchive.org/incident/1067794,Unknown
"March 11, 2018",Georgia,Savannah,8400 block of Abercorn St,0,0,http://www.gunviolencearchive.org/incident/1067792,Unknown
"March 11, 2018",California,Garden Grove,9821 Garden Grove Blvd,0,1,http://www.gunviolencearchive.org/incident/1067144,Unknown
"March 11, 2018",Alabama,Mobile,Serigny Drive and Farnell Drive,0,1,http://www.gunviolencearchive.org/incident/1067783,Unknown
"March 11, 2018",Alabama,Sheffield,N/A,1,0,http://www.gunviolencearchive.org/incident/1067771,Unknown
"March 11, 2018",California,Oakland,900 block of 40th St,1,0,http://www.gunviolencearchive.org/incident/1067769,Unknown
"March 11, 2018",Maryland,Baltimore,400 block of E Baltimore St,0,1,http://www.gunviolencearchive.org/incident/1067125,Unknown
"March 11, 2018",Delaware,Dover,Martin Luther King Jr Blvd,0,0,http://www.gunviolencearchive.org/incident/1067726,9mm
"March 11, 2018",Delaware,Dover,S New St,0,0,http://www.gunviolencearchive.org/incident/1067714,Unknown
"March 11, 2018",Delaware,Dover,White Oak Rd and Stevenson Rd,0,0,http://www.gunviolencearchive.org/incident/1067707,Unknown
"March 11, 2018",Nebraska,Beatrice,SW 32nd Rd and S Sumner St,0,1,http://www.gunviolencearchive.org/incident/1067096,Unknown
"March 11, 2018",Georgia,Macon,Ibex St,1,2,http://www.gunviolencearchive.org/incident/1067671,Unknown
"March 11, 2018",New Jersey,Lakewood,1600 Hwy 70,0,0,http://www.gunviolencearchive.org/incident/1067091,Unknown
"March 11, 2018",District of Columbia,Washington,1700 block of Bay St SE,0,0,http://www.gunviolencearchive.org/incident/1067073,Unknown
"March 11, 2018",Michigan,Detroit,LaSalle and Glendale,0,1,http://www.gunviolencearchive.org/incident/1066984,Unknown
"March 11, 2018",New York,Corona (Queens),116-50 226th St,1,0,http://www.gunviolencearchive.org/incident/1067142,Unknown
"March 11, 2018",South Carolina,Hilton Head Island,7A Greenwood Dr,0,0,http://www.gunviolencearchive.org/incident/1067605,9mm
"March 11, 2018",North Carolina,Wendell,4429 Old Milburnie Rd,1,0,http://www.gunviolencearchive.org/incident/1067014,Unknown
"March 11, 2018",Wisconsin,Kenosha,4000 block of 70th St,0,0,http://www.gunviolencearchive.org/incident/1067048,Unknown
"March 11, 2018",Pennsylvania,Lancaster,1081 N Plum St,0,1,http://www.gunviolencearchive.org/incident/1067548,Unknown
"March 11, 2018",Michigan,Pontiac,N Perry St and Glenwood Ave,0,1,http://www.gunviolencearchive.org/incident/1067533,Unknown
"March 11, 2018",Ohio,Akron,St Leger Ave and Tonawanda Ave,0,1,http://www.gunviolencearchive.org/incident/1067530,Unknown
"March 11, 2018",Michigan,Flint,800 block of Dupont St,0,2,http://www.gunviolencearchive.org/incident/1067004,"
The source screenshot will be available soon. Unknown"
"March 11, 2018",Michigan,Detroit,8600 block of Mark Twain St,1,0,http://www.gunviolencearchive.org/incident/1067521,Unknown
"March 11, 2018",Pennsylvania,Philadelphia,2200 block of N 33rd St,0,1,http://www.gunviolencearchive.org/incident/1067514,Unknown
"March 11, 2018",Pennsylvania,Philadelphia,N 18th St and Cumberland St,0,1,http://www.gunviolencearchive.org/incident/1067511,Unknown
"March 11, 2018",Florida,Haines City,29 Ash St,0,1,http://www.gunviolencearchive.org/incident/1068435,Unknown
"March 11, 2018",Wisconsin,Milwaukee,1457 N 35TH ST,0,0,http://www.gunviolencearchive.org/incident/1067011,
"March 11, 2018",Wisconsin,Milwaukee,2860 N 16TH ST,0,0,http://www.gunviolencearchive.org/incident/1067010,
"March 11, 2018",Michigan,Pontiac,Going St and Irwin Ave,1,0,http://www.gunviolencearchive.org/incident/1067538,Unknown
"March 11, 2018",Michigan,Ypsilanti,Holmes Rd and Hunter Ave,0,0,http://www.gunviolencearchive.org/incident/1068408,"
The source screenshot will be available soon. Unknown"
"March 11, 2018",Michigan,Bay City,9th St and Washington Ave,0,1,http://www.gunviolencearchive.org/incident/1067503,"
The source screenshot will be available soon. Unknown"
"March 11, 2018",Michigan,Detroit,BENTLER ST AND W 7 MILE RD,0,0,http://www.gunviolencearchive.org/incident/1067498,
"March 11, 2018",Michigan,Detroit,MAPLERIDGE ST AND GRATIOT AVE,0,0,http://www.gunviolencearchive.org/incident/1067497,
"March 11, 2018",Michigan,Detroit,3000 BLOCK OF SAINT ANTOINE ST,0,0,http://www.gunviolencearchive.org/incident/1067496,
"March 11, 2018",Michigan,Detroit,SENATOR ST AND MULLANE ST,0,0,http://www.gunviolencearchive.org/incident/1067495,
"March 11, 2018",Michigan,Detroit,10400 BLOCK OF CADIEUX RD,0,0,http://www.gunviolencearchive.org/incident/1067494,
"March 11, 2018",Michigan,Detroit,1800 BLOCK OF ELSMERE ST,0,0,http://www.gunviolencearchive.org/incident/1067493,
"March 11, 2018",Michigan,Detroit,19400 BLOCK OF GRANDVILLE AVE,0,0,http://www.gunviolencearchive.org/incident/1067492,
"March 11, 2018",Michigan,Detroit,18900 BLOCK OF ALBION ST,0,0,http://www.gunviolencearchive.org/incident/1067491,
"March 11, 2018",Michigan,Detroit,ORANGELAWN ST AND OHIO ST,0,0,http://www.gunviolencearchive.org/incident/1067490,
"March 11, 2018",Michigan,Detroit,6000 BLOCK OF W OUTER DR,0,0,http://www.gunviolencearchive.org/incident/1067489,
"March 11, 2018",Michigan,Detroit,14500 BLOCK OF E WARREN AVE,0,0,http://www.gunviolencearchive.org/incident/1067488,
"March 11, 2018",Michigan,Detroit,BEECHDALE ST AND WYOMING ST,0,0,http://www.gunviolencearchive.org/incident/1067487,
"March 11, 2018",Michigan,Detroit,6800 BLOCK OF ROSEMONT AVE,0,0,http://www.gunviolencearchive.org/incident/1067486,
"March 11, 2018",Michigan,Detroit,16800 BLOCK OF PLYMOUTH RD,0,0,http://www.gunviolencearchive.org/incident/1067485,
"March 11, 2018",Florida,Deltona,Wood Rose Way,0,0,http://www.gunviolencearchive.org/incident/1068338,9mm
"March 11, 2018",Michigan,Detroit,10400 BLOCK OF MCKINNEY AVE,0,0,http://www.gunviolencearchive.org/incident/1067484,
"March 11, 2018",Michigan,Detroit,16500 BLOCK OF SANTA ROSA DR,0,0,http://www.gunviolencearchive.org/incident/1067483,
"March 11, 2018",Pennsylvania,Lancaster,1000 block of Columbia Ave,0,0,http://www.gunviolencearchive.org/incident/1068382,9mm
"March 11, 2018",Florida,Jacksonville,Beach Blvd,2,1,http://www.gunviolencearchive.org/incident/1067437,Unknown
"March 11, 2018",Florida,Palmetto,900 block of 21st St E,1,0,http://www.gunviolencearchive.org/incident/1067451,Unknown
"March 11, 2018",New Jersey,Little Egg Harbor Twp,Garden State Pkwy,0,0,http://www.gunviolencearchive.org/incident/1068335,38 Spl
"March 11, 2018",Florida,Jacksonville,5710 Lenox Ave,0,1,http://www.gunviolencearchive.org/incident/1067432,Unknown
"March 11, 2018",Florida,Pensacola,8000 block of Tower Terrace,0,1,http://www.gunviolencearchive.org/incident/1068329,Unknown
"March 11, 2018",Georgia,Atlanta,7000 block of Absinth Dr,0,1,http://www.gunviolencearchive.org/incident/1066992,Unknown
"March 11, 2018",Iowa,Davenport,900 block of Lombard St,0,0,http://www.gunviolencearchive.org/incident/1066986,Unknown
"March 11, 2018",Iowa,Davenport,303 W 3rd St,0,0,http://www.gunviolencearchive.org/incident/1066982,Unknown
"March 11, 2018",Indiana,New Castle,2000 Grand Ave,0,0,http://www.gunviolencearchive.org/incident/1066980,9mm
"March 11, 2018",Connecticut,Fairfield,Godfrey Rd and Lisbon Dr,0,0,http://www.gunviolencearchive.org/incident/1066940,
"March 11, 2018",Florida,Hialeah,900 W 3rd Ave,1,0,http://www.gunviolencearchive.org/incident/1068122,Unknown
"March 11, 2018",Vermont,Williston,N/A,0,0,http://www.gunviolencearchive.org/incident/1067390,Unknown
"March 11, 2018",Connecticut,Bridgeport,Stratford Ave and Carroll Ave,0,1,http://www.gunviolencearchive.org/incident/1067388,Unknown
"March 11, 2018",North Carolina,Fletcher,N/A,0,1,http://www.gunviolencearchive.org/incident/1068264,Unknown
"March 11, 2018",Indiana,Gary,2700 block of Dekalb St,0,1,http://www.gunviolencearchive.org/incident/1068254,Unknown
"March 11, 2018",California,Oakland,33rd Ave and E 17th St,0,0,http://www.gunviolencearchive.org/incident/1068238,Unknown
"March 11, 2018",California,Oakland,7400 block of Weld St,0,1,http://www.gunviolencearchive.org/incident/1068236,Unknown
"March 11, 2018",New Mexico,Fort Sumner,N/A,1,1,http://www.gunviolencearchive.org/incident/1067804,Unknown
"March 11, 2018",Illinois,Chicago,3400 block of W 27th St,0,1,http://www.gunviolencearchive.org/incident/1068220,Unknown
"March 11, 2018",Texas,Houston,3400 block of Liberty Rd,0,2,http://www.gunviolencearchive.org/incident/1067294,Unknown
"March 11, 2018",Arkansas,Little Rock,Lewis Street and West 23rd,0,1,http://www.gunviolencearchive.org/incident/1067377,Unknown
"March 11, 2018",West Virginia,Dingess,N/A,1,1,http://www.gunviolencearchive.org/incident/1067915,Unknown
"March 11, 2018",New York,Angola,Lake Shore Rd,0,0,http://www.gunviolencearchive.org/incident/1068153,Unknown
"March 11, 2018",Florida,Orlando,1800 Rhode Island Woods Cir,0,0,http://www.gunviolencearchive.org/incident/1068140,Unknown
"March 11, 2018",Florida,Miami,NW 11th Ave and Third St,1,0,http://www.gunviolencearchive.org/incident/1067445,Unknown
"March 10, 2018",California,Salinas,2100 block of N Main St,0,0,http://www.gunviolencearchive.org/incident/1068102,9mm
"March 10, 2018",Wisconsin,Milwaukee,100 block of Meinecke Ave,1,1,http://www.gunviolencearchive.org/incident/1066511,Unknown
"March 10, 2018",Maryland,Greenbelt,6100 block of Breezewood Court,1,0,http://www.gunviolencearchive.org/incident/1067121,Unknown
"March 10, 2018",Texas,Amarillo,2900 block of Wichita Ave,0,1,http://www.gunviolencearchive.org/incident/1068065,Unknown
"March 10, 2018",Georgia,Rex,GA-42 and Lake Harbin Rd,1,0,http://www.gunviolencearchive.org/incident/1066792,Unknown
"March 10, 2018",Missouri,Saint Louis,4000 block of California Ave,1,0,http://www.gunviolencearchive.org/incident/1066673,Unknown
"March 10, 2018",Michigan,Detroit,Barton St and Rangoon St,0,0,http://www.gunviolencearchive.org/incident/1066990,Handgun
"March 10, 2018",California,Fresno,McKinley and Marks,1,1,http://www.gunviolencearchive.org/incident/1067339,Unknown
"March 10, 2018",Washington,Grandview,1100 block of Apache Drive,0,1,http://www.gunviolencearchive.org/incident/1068013,Unknown
"March 10, 2018",Maryland,Greenbelt,6100 block of Breezewood Court,1,0,http://www.gunviolencearchive.org/incident/1067121,Unknown
"March 10, 2018",Texas,Amarillo,2900 block of Wichita Ave,0,1,http://www.gunviolencearchive.org/incident/1068065,Unknown
"March 10, 2018",Georgia,Rex,GA-42 and Lake Harbin Rd,1,0,http://www.gunviolencearchive.org/incident/1066792,Unknown
"March 10, 2018",Missouri,Saint Louis,4000 block of California Ave,1,0,http://www.gunviolencearchive.org/incident/1066673,Unknown
"March 10, 2018",Michigan,Detroit,Barton St and Rangoon St,0,0,http://www.gunviolencearchive.org/incident/1066990,Handgun
"March 10, 2018",California,Fresno,McKinley and Marks,1,1,http://www.gunviolencearchive.org/incident/1067339,Unknown
"March 10, 2018",Washington,Grandview,1100 block of Apache Drive,0,1,http://www.gunviolencearchive.org/incident/1068013,Unknown
"March 10, 2018",Iowa,Des Moines,E University Ave and E 14th St,0,0,http://www.gunviolencearchive.org/incident/1066846,Unknown
"March 10, 2018",Illinois,Chicago,900 block of N Richmond St,0,1,http://www.gunviolencearchive.org/incident/1066843,Unknown
"March 10, 2018",Washington,Kennewick (Finley),21000 block of Finley Rd,0,0,http://www.gunviolencearchive.org/incident/1067205,Shotgun
"March 10, 2018",Pennsylvania,Philadelphia,200 block of Lombard St,0,1,http://www.gunviolencearchive.org/incident/1066841,Unknown
"March 10, 2018",Oklahoma,Wewoka,13100 block of OK 56,2,1,http://www.gunviolencearchive.org/incident/1067104,Unknown
"March 10, 2018",Wyoming,Sheridan,N/A,1,0,http://www.gunviolencearchive.org/incident/1067971,Unknown
"March 10, 2018",Pennsylvania,New Holland,88 Diller Ave,0,0,http://www.gunviolencearchive.org/incident/1066835,Unknown
"March 10, 2018",Texas,Houston,6320 Windswept Ln,1,0,http://www.gunviolencearchive.org/incident/1067275,9mm
"March 10, 2018",Illinois,Chicago,9500 block of S Vicennes Ave,1,0,http://www.gunviolencearchive.org/incident/1066795,Unknown
"March 10, 2018",Texas,Harker Heights,1000 block of Indian Trail,1,0,http://www.gunviolencearchive.org/incident/1067269,Unknown
"March 10, 2018",Texas,Dallas,4150 N Central Expy,1,0,http://www.gunviolencearchive.org/incident/1067258,Unknown
"March 10, 2018",Louisiana,New Orleans,1400 block of Esplanade Ave,0,0,http://www.gunviolencearchive.org/incident/1066818,Unknown
"March 10, 2018",Illinois,Chicago,600 block of N Leamington Ave,0,1,http://www.gunviolencearchive.org/incident/1066801,Unknown
"March 10, 2018",Rhode Island,Central Falls,N/A,0,0,http://www.gunviolencearchive.org/incident/1067922,Unknown
"March 10, 2018",Illinois,Chicago,3314 S Lawndale Ave,2,0,http://www.gunviolencearchive.org/incident/1066798,Unknown
"March 10, 2018",California,Glendale,100 W Broadway,0,0,http://www.gunviolencearchive.org/incident/1066787,Unknown
"March 10, 2018",North Carolina,Elon,2200 block of Phibbs Rd,0,0,http://www.gunviolencearchive.org/incident/1067900,380 Auto
"March 10, 2018",Alaska,Anchorage,900 block of Chugach Way,0,1,http://www.gunviolencearchive.org/incident/1067234,Unknown
"March 10, 2018",Pennsylvania,Uniontown,1151 National Pike,0,0,http://www.gunviolencearchive.org/incident/1067883,Unknown
"March 10, 2018",Washington,Seattle,3804 E Superior St,0,1,http://www.gunviolencearchive.org/incident/1066921,Unknown
"March 10, 2018",Nevada,Las Vegas,Maryland Pkwy and Twain Ave,0,1,http://www.gunviolencearchive.org/incident/1066756,Unknown
"March 10, 2018",North Carolina,Greenville,Douglas Ave,0,0,http://www.gunviolencearchive.org/incident/1067869,Unknown
"March 10, 2018",California,San Francisco,California St and Broderick St,0,0,http://www.gunviolencearchive.org/incident/1067862,Unknown
"March 10, 2018",California,San Bernardino,900 block of W 27th St,1,0,http://www.gunviolencearchive.org/incident/1066745,
"March 10, 2018",Pennsylvania,Lansdowne (Yeadon),65th St and Cobbs Creek Parkway,0,1,http://www.gunviolencearchive.org/incident/1067846,Unknown
"March 10, 2018",Oregon,Gresham,SE 162nd Ave and Stark St,0,0,http://www.gunviolencearchive.org/incident/1067199,Handgun
"March 10, 2018",Louisiana,Gonzales,2228 South Burnside Avenue,0,0,http://www.gunviolencearchive.org/incident/1067194,Unknown
"March 10, 2018",Illinois,Kankakee,300 block of N Wildwood Ave,2,0,http://www.gunviolencearchive.org/incident/1066723,Unknown
"March 10, 2018",Louisiana,Metairie,6400 block of Gillen St,0,1,http://www.gunviolencearchive.org/incident/1066474,Unknown
"March 10, 2018",Oregon,Hillsboro,2000 block of SE 54th Ave,1,0,http://www.gunviolencearchive.org/incident/1067187,Unknown
"March 10, 2018",Mississippi,Jones (county),N/A,1,0,http://www.gunviolencearchive.org/incident/1067189,Unknown
"March 10, 2018",Alabama,Mobile,St. Stephens Road,0,1,http://www.gunviolencearchive.org/incident/1067183,Unknown
"March 10, 2018",Alabama,Tuscaloosa,4200 block of 21st Street,1,0,http://www.gunviolencearchive.org/incident/1067179,Unknown
"March 10, 2018",Pennsylvania,Harrisburg,N/A,0,1,http://www.gunviolencearchive.org/incident/1067834,Unknown
"March 10, 2018",New York,Brooklyn,344 Clifton Pl,1,0,http://www.gunviolencearchive.org/incident/1066706,Unknown
"March 10, 2018",Alabama,Cullman,N/A,0,2,http://www.gunviolencearchive.org/incident/1067827,Unknown
"March 10, 2018",Oklahoma,Tulsa,4600 block of N Elwood Ave,0,1,http://www.gunviolencearchive.org/incident/1066686,Unknown
"March 10, 2018",New Jersey,Camden,236 White Horse Ave,0,0,http://www.gunviolencearchive.org/incident/1067820,Unknown
"March 10, 2018",Alabama,Ozark,King Street,0,2,http://www.gunviolencearchive.org/incident/1067776,Unknown
"March 10, 2018",New Jersey,Fort Lee,I-95,0,0,http://www.gunviolencearchive.org/incident/1067774,Handgun
"March 10, 2018",Maryland,Baltimore,300 block of N Monroe St,1,0,http://www.gunviolencearchive.org/incident/1066565,Unknown
"March 10, 2018",Maryland,Leonardtown,N/A,0,1,http://www.gunviolencearchive.org/incident/1067127,Unknown
"March 10, 2018",Florida,Ocala,FR 88,3,0,http://www.gunviolencearchive.org/incident/1066875,Unknown
"March 10, 2018",Florida,Ocala,FR 88,3,0,http://www.gunviolencearchive.org/incident/1066875,Unknown
"March 10, 2018",North Carolina,Raleigh,3000 block of Creech St,0,1,http://www.gunviolencearchive.org/incident/1066643,Unknown
"March 10, 2018",North Carolina,Raleigh,1606 N Market Dr,0,2,http://www.gunviolencearchive.org/incident/1066640,Unknown
"March 10, 2018",Maryland,Baltimore,2000 block of McCulloh St,0,1,http://www.gunviolencearchive.org/incident/1066563,Unknown
"March 10, 2018",Maryland,Baltimore,4600 block of Northwood Dr,0,1,http://www.gunviolencearchive.org/incident/1066567,Unknown
"March 10, 2018",Ohio,Youngstown,2100 block of Summer St,1,0,http://www.gunviolencearchive.org/incident/1067720,Unknown
"March 10, 2018",Delaware,Dover,1365 N Dupont Hwy,0,0,http://www.gunviolencearchive.org/incident/1067718,380 Auto
"March 10, 2018",Oklahoma,Norman,2730 Chautauqua Ave,0,0,http://www.gunviolencearchive.org/incident/1067102,Unknown
"March 10, 2018",Ohio,Youngstown,200 block of E Judson Ave,0,1,http://www.gunviolencearchive.org/incident/1067712,Handgun
"March 10, 2018",North Carolina,Mount Holly,Zander Woods Ct,0,0,http://www.gunviolencearchive.org/incident/1066616,
"March 10, 2018",Illinois,Crystal Lake,5213 Northwest Hwy,0,0,http://www.gunviolencearchive.org/incident/1067701,Unknown
"March 10, 2018",Ohio,Toledo,1455 W Alexis Rd,0,0,http://www.gunviolencearchive.org/incident/1067698,Unknown
"March 10, 2018",Georgia,Columbus,400 block of Old Buena Vista Rd,0,2,http://www.gunviolencearchive.org/incident/1067695,Unknown
"March 10, 2018",Louisiana,Port Barre,E Courtableau Dr,0,0,http://www.gunviolencearchive.org/incident/1067683,38 Spl
"March 10, 2018",Missouri,Stockton,100 block of W Craig St,1,0,http://www.gunviolencearchive.org/incident/1067093,Unknown
"March 10, 2018",Illinois,East Saint Louis,4700 block of Veronica Ave,0,1,http://www.gunviolencearchive.org/incident/1067089,Unknown
"March 10, 2018",Missouri,Saint Louis,2500 block of Hodiamont Ave,0,2,http://www.gunviolencearchive.org/incident/1066919,Unknown
"March 10, 2018",Georgia,Athens,Coleridge Ct,0,0,http://www.gunviolencearchive.org/incident/1067667,
"March 10, 2018",Georgia,Athens,Johnson Dr and Indiana Ave,0,0,http://www.gunviolencearchive.org/incident/1067666,
"March 10, 2018",District of Columbia,Washington,2300 block of Park Pl SE,0,0,http://www.gunviolencearchive.org/incident/1066558,Unknown
"March 10, 2018",Illinois,Chicago,3200 block of W Fulton Blvd,0,1,http://www.gunviolencearchive.org/incident/1066579,Unknown
"March 10, 2018",Michigan,Detroit,9300 BLOCK OF HEYDEN ST,0,0,http://www.gunviolencearchive.org/incident/1067471,
"March 10, 2018",Indiana,Indianapolis,8100 Jordan Ln,0,1,http://www.gunviolencearchive.org/incident/1066975,Unknown
"March 10, 2018",Arizona,Mesa,E 2nd St and N Hobson St,0,1,http://www.gunviolencearchive.org/incident/1066556,Unknown
"March 10, 2018",South Carolina,Easley,200 block of Courtney Dr,1,0,http://www.gunviolencearchive.org/incident/1067630,Unknown
"March 10, 2018",California,North Hollywood (Valley Glen),6700 block of N Greenbush Ave,2,0,http://www.gunviolencearchive.org/incident/1067138,Unknown
"March 10, 2018",Nevada,Carson City,US-50 and Flint Rd,1,0,http://www.gunviolencearchive.org/incident/1066546,Unknown
"March 10, 2018",California,Concord,1500 block of Allegro Ave,0,1,http://www.gunviolencearchive.org/incident/1067129,Unknown
"March 10, 2018",California,Fontana,7400 block of Cypress Ave,1,0,http://www.gunviolencearchive.org/incident/1067607,Unknown
"March 10, 2018",Wisconsin,Milwaukee,4500 block of N 38th St,1,0,http://www.gunviolencearchive.org/incident/1066577,Unknown
"March 10, 2018",Ohio,Madisonville,5800 block of Adelphi Street,2,0,http://www.gunviolencearchive.org/incident/1067099,Unknown
"March 10, 2018",Michigan,Mancelona,Mancelona E Jordan Rd and Green River Rd,0,2,http://www.gunviolencearchive.org/incident/1067053,"
The source screenshot will be available soon. Unknown"
"March 10, 2018",Pennsylvania,Lewisburg,1311 Buffalo Rd,0,1,http://www.gunviolencearchive.org/incident/1067543,Unknown
"March 10, 2018",Georgia,Centerville,Elberta Rd,0,0,http://www.gunviolencearchive.org/incident/1066524,Unknown
"March 10, 2018",Wisconsin,Milwaukee,524 S Layton Blvd,0,1,http://www.gunviolencearchive.org/incident/1067030,Unknown
"March 10, 2018",West Virginia,Charleston,300 block of Berkeley St,1,0,http://www.gunviolencearchive.org/incident/1067020,Unknown
"March 10, 2018",Pennsylvania,Philadelphia,200 block of E Sharpnack St,0,1,http://www.gunviolencearchive.org/incident/1067518,Unknown
"March 10, 2018",Georgia,Lithonia,2000 block of Evans Mill Rd,0,1,http://www.gunviolencearchive.org/incident/1066522,Unknown
"March 10, 2018",Michigan,Saginaw,3145 Russell St,0,1,http://www.gunviolencearchive.org/incident/1066520,"
The source screenshot will be available soon. Unknown"
"March 10, 2018",Wisconsin,Milwaukee,S LAYTON BL AND W LAPHAM ST,0,0,http://www.gunviolencearchive.org/incident/1066519,
"March 10, 2018",Michigan,Lansing,4405 S Martin Luther King Jr Blvd,0,2,http://www.gunviolencearchive.org/incident/1066821,Unknown
"March 10, 2018",Illinois,Chicago,2200 block of W 21st St,0,0,http://www.gunviolencearchive.org/incident/1066502,Unknown
"March 10, 2018",Illinois,Chicago,6600 block of S Evans Ave,0,1,http://www.gunviolencearchive.org/incident/1066500,Unknown
"March 10, 2018",Michigan,Detroit,2700 BLOCK OF W GRAND BLVD,0,0,http://www.gunviolencearchive.org/incident/1067482,
"March 10, 2018",Michigan,Detroit,5900 BLOCK OF GRAYTON ST,0,0,http://www.gunviolencearchive.org/incident/1067481,
"March 10, 2018",Michigan,Detroit,W VERNOR HWY AND JUNCTION ST,0,0,http://www.gunviolencearchive.org/incident/1067480,
"March 10, 2018",Wisconsin,Madison,1306 Williamson St,0,0,http://www.gunviolencearchive.org/incident/1066499,
"March 10, 2018",Michigan,Detroit,5900 BLOCK OF MARTIN ST,0,0,http://www.gunviolencearchive.org/incident/1067473,
"March 10, 2018",Michigan,Detroit,17600 BLOCK OF SUNDERLAND RD,0,0,http://www.gunviolencearchive.org/incident/1067472,
"March 10, 2018",Pennsylvania,Carlisle,500 block of S Pitt St,0,1,http://www.gunviolencearchive.org/incident/1068374,Handgun
"March 10, 2018",Michigan,Detroit,17600 BLOCK OF SUNDERLAND RD,0,0,http://www.gunviolencearchive.org/incident/1067472,
"March 10, 2018",Pennsylvania,Carlisle,500 block of S Pitt St,0,1,http://www.gunviolencearchive.org/incident/1068374,Handgun
"March 10, 2018",Michigan,Detroit,2600 BLOCK OF W PHILADELPHIA ST,0,0,http://www.gunviolencearchive.org/incident/1067470,
"March 10, 2018",Michigan,Detroit,CHAPEL ST AND PEMBROKE AVE,0,0,http://www.gunviolencearchive.org/incident/1067469,
"March 10, 2018",Michigan,Detroit,9300 BLOCK OF LIVERNOIS AVE,0,0,http://www.gunviolencearchive.org/incident/1067468,
"March 10, 2018",Kentucky,Louisville,3300 block of Renwood Blvd,1,0,http://www.gunviolencearchive.org/incident/1066490,Unknown
"March 10, 2018",Michigan,Detroit,W MCNICHOLS RD AND LAHSER RD,0,0,http://www.gunviolencearchive.org/incident/1067467,
"March 10, 2018",Michigan,Detroit,19400 BLOCK OF HUNTINGTON RD,0,0,http://www.gunviolencearchive.org/incident/1067466,
"March 10, 2018",Michigan,Detroit,16800 BLOCK OF ROCKDALE ST,0,0,http://www.gunviolencearchive.org/incident/1067465,
"March 10, 2018",Michigan,Detroit,CHEYENNE ST AND GRAND RIVER AVE,0,0,http://www.gunviolencearchive.org/incident/1067464,
"March 10, 2018",Michigan,Detroit,20500 BLOCK OF ROSEMONT AVE,0,0,http://www.gunviolencearchive.org/incident/1067463,
"March 10, 2018",Michigan,Detroit,9300 BLOCK OF DORCHESTER ST,0,0,http://www.gunviolencearchive.org/incident/1067462,
"March 10, 2018",Maryland,Baltimore,900 block of W 36th St,0,0,http://www.gunviolencearchive.org/incident/1067449,9mm
"March 10, 2018",Pennsylvania,Morrisville,600 block of Doloro Dr,0,0,http://www.gunviolencearchive.org/incident/1068358,Unknown
"March 10, 2018",Michigan,Detroit,10400 block of Balfour Rd,0,1,http://www.gunviolencearchive.org/incident/1067007,Unknown
"March 10, 2018",Michigan,Flint,3600 block of Esther St,0,3,http://www.gunviolencearchive.org/incident/1066994,Unknown
"March 10, 2018",Georgia,Columbus,Enoch Dr,0,0,http://www.gunviolencearchive.org/incident/1067000,Unknown
"March 10, 2018",Michigan,Grand Rapids,3524 28th St SE,0,1,http://www.gunviolencearchive.org/incident/1066998,Unknown
"March 10, 2018",Tennessee,Chattanooga,N/A,0,1,http://www.gunviolencearchive.org/incident/1066968,Unknown
"March 10, 2018",Tennessee,Chattanooga,Rosemont Dr,0,0,http://www.gunviolencearchive.org/incident/1066967,
"March 10, 2018",Florida,Jacksonville,100 W Adams St,0,1,http://www.gunviolencearchive.org/incident/1066963,Unknown
"March 10, 2018",Florida,Pensacola,3700 block of Frontera Cir,0,1,http://www.gunviolencearchive.org/incident/1066956,Unknown
"March 10, 2018",Minnesota,Minneapolis (Blaine),800 block of 97th Ave,0,0,http://www.gunviolencearchive.org/incident/1066431,
"March 10, 2018",Minnesota,Minneapolis (Fridley),5200 block of 3rd St,0,0,http://www.gunviolencearchive.org/incident/1066430,
"March 10, 2018",Minnesota,Minneapolis,2600 block of Irving Ave N,0,0,http://www.gunviolencearchive.org/incident/1066429,
"March 10, 2018",Florida,West Palm Beach,Brandywine Rd,1,1,http://www.gunviolencearchive.org/incident/1066950,Unknown
"March 10, 2018",Illinois,Chicago,3000 block of S Halsted St,0,1,http://www.gunviolencearchive.org/incident/1066948,Unknown
"March 10, 2018",New York,Buffalo,Tioga St,0,0,http://www.gunviolencearchive.org/incident/1067405,9mm
"March 10, 2018",Illinois,Freeport,S Galena Ave and S Float Ave,0,1,http://www.gunviolencearchive.org/incident/1067402,Unknown
"March 10, 2018",Florida,Hudson,US-19,0,0,http://www.gunviolencearchive.org/incident/1068161,Unknown
"March 10, 2018",Massachusetts,Boston,500 River St,0,0,http://www.gunviolencearchive.org/incident/1066938,Unknown
"March 10, 2018",Oregon,Portland,SE 117th Ave and Alder St,0,0,http://www.gunviolencearchive.org/incident/1066927,Unknown
"March 10, 2018",Maine,Falmouth,Muirfield Rd,0,0,http://www.gunviolencearchive.org/incident/1067394,Handgun
"March 10, 2018",Connecticut,Bridgeport,Putnam St and E Main St,0,1,http://www.gunviolencearchive.org/incident/1066941,Unknown
"March 10, 2018",District of Columbia,Washington,2100 block of Savannah Terrace SE,1,0,http://www.gunviolencearchive.org/incident/1066902,Unknown
"March 10, 2018",Mississippi,Meridian,Russell Drive,0,1,http://www.gunviolencearchive.org/incident/1067379,Unknown
"March 10, 2018",Arkansas,Little Rock,Stanley Drive,0,1,http://www.gunviolencearchive.org/incident/1067375,Unknown
"March 10, 2018",North Carolina,Carrboro,300 W Main St,0,1,http://www.gunviolencearchive.org/incident/1066892,Unknown
"March 10, 2018",New York,Buffalo,Massachusetts Ave and Niagara St,0,0,http://www.gunviolencearchive.org/incident/1068142,Unknown
"March 10, 2018",California,Ventura,900 block of Sharon Ln,0,0,http://www.gunviolencearchive.org/incident/1066879,Unknown
"March 10, 2018",Illinois,Peoria,2200 W War Memorial Dr,0,0,http://www.gunviolencearchive.org/incident/1067356,Unknown
"March 9, 2018",Wisconsin,Milwaukee (West Allis),911 S 108th St,0,1,http://www.gunviolencearchive.org/incident/1066868,Unknown
"March 9, 2018",Texas,Austin,E Riverside Dr and Willow Creek Dr,0,1,http://www.gunviolencearchive.org/incident/1066342,Unknown
"March 9, 2018",Texas,Pearland,3775 Main St,0,0,http://www.gunviolencearchive.org/incident/1066339,Unknown
"March 9, 2018",Connecticut,Bridgeport,Stratford Ave and Hollister Ave,0,0,http://www.gunviolencearchive.org/incident/1067350,
"March 9, 2018",New Mexico,Albuquerque,2300 Arenal Rd SW,0,0,http://www.gunviolencearchive.org/incident/1066336,Unknown
"March 9, 2018",Arizona,Phoenix,5900 block of W Mulberry Dr,1,0,http://www.gunviolencearchive.org/incident/1066334,Handgun
"March 9, 2018",North Carolina,Concord,5140 NW Cabarrus Dr,0,0,http://www.gunviolencearchive.org/incident/1066569,Unknown
"March 9, 2018",Missouri,Saint Louis,900 block of Pendleton Ave,2,0,http://www.gunviolencearchive.org/incident/1066374,Unknown
"March 9, 2018",Ohio,Cincinnati,Craft St and Winneste Ave,0,1,http://www.gunviolencearchive.org/incident/1066329,Unknown
"March 9, 2018",California,Yountville,260 California Dr,4,0,http://www.gunviolencearchive.org/incident/1065908,Rifle
"March 9, 2018",New York,Bronx,E 169th St and Boston Rd,0,1,http://www.gunviolencearchive.org/incident/1067244,Handgun
"March 9, 2018",Indiana,Evansville,2530 US-41,0,0,http://www.gunviolencearchive.org/incident/1066215,Unknown
"March 9, 2018",Alabama,Theodore,5954 Sperry Rd,0,1,http://www.gunviolencearchive.org/incident/1066772,Unknown
"March 9, 2018",California,Pomona,1400 block of S Palomares St,1,1,http://www.gunviolencearchive.org/incident/1066395,Unknown
"March 9, 2018",Delaware,Wilmington,4001 Lancaster Pike,0,0,http://www.gunviolencearchive.org/incident/1066764,Handgun
"March 9, 2018",California,Lake Isabella,Scovern Ave and Steensen St,0,1,http://www.gunviolencearchive.org/incident/1066753,Unknown
"March 9, 2018",New York,Patchogue,Maple Ave,0,1,http://www.gunviolencearchive.org/incident/1066751,Unknown
"March 9, 2018",California,La Puente,1849 N Hacienda Blvd,0,0,http://www.gunviolencearchive.org/incident/1066748,Unknown
"March 9, 2018",New Jersey,Newark,Augusta Dr and Malvern Rd,1,0,http://www.gunviolencearchive.org/incident/1067860,Unknown
"March 9, 2018",California,Palmdale,38000 block of 15th St,0,0,http://www.gunviolencearchive.org/incident/1067202,Unknown
"March 9, 2018",Tennessee,Memphis,Joslyn St and Craigmont Dr,0,1,http://www.gunviolencearchive.org/incident/1066162,Unknown
"March 9, 2018",New York,Ithaca,400 block of Lake Ave,0,1,http://www.gunviolencearchive.org/incident/1066158,Unknown
"March 9, 2018",Alabama,Mobile (Prichard),N/A,0,0,http://www.gunviolencearchive.org/incident/1067178,
"March 9, 2018",Pennsylvania,Harrisburg,18th St and Brookwood St,0,0,http://www.gunviolencearchive.org/incident/1067831,Handgun
"March 9, 2018",Wisconsin,Franksville,3500 block of Co Hwy H,0,0,http://www.gunviolencearchive.org/incident/1066108,Unknown
"March 9, 2018",Wisconsin,Milwaukee,W Concordia Ave and N 27th St,0,1,http://www.gunviolencearchive.org/incident/1066104,Unknown
"March 9, 2018",California,Livermore,1500 block of College Ave,0,0,http://www.gunviolencearchive.org/incident/1066701,Unknown
"March 9, 2018",California,San Diego,1000 block of S 45th St,0,2,http://www.gunviolencearchive.org/incident/1067168,Unknown
"March 9, 2018",California,San Diego,800 block of S 29th St,0,1,http://www.gunviolencearchive.org/incident/1067164,Unknown
"March 9, 2018",New Mexico,Albuquerque,900 block of Tramway NE,1,0,http://www.gunviolencearchive.org/incident/1065970,Unknown
"March 9, 2018",Georgia,Decatur,Sapphire Ct,1,0,http://www.gunviolencearchive.org/incident/1066044,Unknown
"March 9, 2018",Illinois,Chicago,7200 block of S Merrill Ave,0,1,http://www.gunviolencearchive.org/incident/1066034,Unknown
"March 9, 2018",Missouri,Kansas City,6024 S Benton Ave,1,0,http://www.gunviolencearchive.org/incident/1066354,Handgun
"March 9, 2018",Missouri,Saint Louis,1200 block of Hogan St,0,1,http://www.gunviolencearchive.org/incident/1066675,Unknown
"March 9, 2018",Alabama,Auburn,1627 Opelika Rd,0,2,http://www.gunviolencearchive.org/incident/1066350,Unknown
"March 9, 2018",Colorado,Colorado Springs,S Murray Blvd and E Fountain Blvd,0,2,http://www.gunviolencearchive.org/incident/1066646,Unknown
"March 9, 2018",Indiana,South Bend,800 block of E Dayton St,0,6,http://www.gunviolencearchive.org/incident/1067061,Unknown
"March 9, 2018",Illinois,Springfield,2900 S Grand Ave E,1,0,http://www.gunviolencearchive.org/incident/1066238,Unknown
"March 9, 2018",North Carolina,Wilson,1801 Tarboro St W,0,0,http://www.gunviolencearchive.org/incident/1066619,223 Rem [AR-15]
"March 9, 2018",Illinois,Chicago,7200 block of S East End Ave,0,1,http://www.gunviolencearchive.org/incident/1065890,Unknown
"March 9, 2018",Nevada,Las Vegas,5300 block of Cheyenne Ave,0,1,http://www.gunviolencearchive.org/incident/1066604,Unknown
"March 9, 2018",California,El Monte,9251 Garvey Ave,0,3,http://www.gunviolencearchive.org/incident/1065766,Unknown
"March 9, 2018",Maryland,Bethesda,7101 Democracy Blvd,0,0,http://www.gunviolencearchive.org/incident/1066591,Unknown
"March 9, 2018",North Carolina,Fayetteville,848 Tamarack Dr,0,1,http://www.gunviolencearchive.org/incident/1066250,45 Auto
"March 9, 2018",District of Columbia,Washington,3200 block of 6th St SE,0,0,http://www.gunviolencearchive.org/incident/1067384,Unknown
"March 9, 2018",Kentucky,Lexington,2000 Winchester Rd,0,1,http://www.gunviolencearchive.org/incident/1065742,Unknown
"March 9, 2018",Maryland,Baltimore,2300 block of Greenmount Ave,0,1,http://www.gunviolencearchive.org/incident/1066573,Unknown
"March 9, 2018",New Jersey,Jersey City,Grand St and Johnston Ave,0,1,http://www.gunviolencearchive.org/incident/1065968,Unknown
"March 9, 2018",New Jersey,Ocean (county),N/A,0,0,http://www.gunviolencearchive.org/incident/1065941,7.62 [AK-47]
"March 9, 2018",District of Columbia,Washington,700 block of 19th St NE,0,0,http://www.gunviolencearchive.org/incident/1066562,
"March 9, 2018",Maryland,Lexington Park,21000 block of Enterprise Rd,0,0,http://www.gunviolencearchive.org/incident/1065936,Unknown
"March 9, 2018",Louisiana,Shreveport,235 Wall Street,0,1,http://www.gunviolencearchive.org/incident/1065933,Unknown
"March 9, 2018",California,San Diego,2000 block of Hallet St,0,1,http://www.gunviolencearchive.org/incident/1067161,Unknown
"March 9, 2018",Mississippi,Tupelo,Lakeview Dr,0,0,http://www.gunviolencearchive.org/incident/1066539,Unknown
"March 9, 2018",Florida,Tarpon Springs,442 Riverside Dr,1,0,http://www.gunviolencearchive.org/incident/1065901,Unknown
"March 9, 2018",Delaware,Wilmington,N/A,0,0,http://www.gunviolencearchive.org/incident/1065898,Unknown
"March 9, 2018",Florida,Orlando,5581 S Orange Blossom Trail,0,2,http://www.gunviolencearchive.org/incident/1065882,Unknown
"March 9, 2018",Minnesota,Saint Paul,1900 block of Cottage Ave E,1,0,http://www.gunviolencearchive.org/incident/1066452,Unknown
"March 9, 2018",Georgia,Statesboro,425 S Main St,1,0,http://www.gunviolencearchive.org/incident/1066079,Unknown
"March 9, 2018",Wisconsin,Milwaukee,2600 block of N 17th St,1,0,http://www.gunviolencearchive.org/incident/1066106,Unknown
"March 9, 2018",Michigan,Benton Harbor,900 block of Pipestone St,0,0,http://www.gunviolencearchive.org/incident/1067524,Unknown
"March 9, 2018",New Jersey,Newark,3 Brewster Rd,0,0,http://www.gunviolencearchive.org/incident/1067507,38 Spl
"March 9, 2018",Michigan,Saginaw,3250 Kabobel Dr,0,0,http://www.gunviolencearchive.org/incident/1067509,"
The source screenshot will be available soon. Unknown"
"March 9, 2018",Wisconsin,Milwaukee,900 block of W Hayes St,0,1,http://www.gunviolencearchive.org/incident/1066509,Unknown
"March 9, 2018",Texas,Aledo,12291 Camp Bowie W Blvd,2,0,http://www.gunviolencearchive.org/incident/1065756,Unknown
"March 9, 2018",Illinois,Chicago,4400 block of W Carroll Ave,0,1,http://www.gunviolencearchive.org/incident/1066492,Unknown
"March 9, 2018",Maryland,Baltimore,600 block of Gutman Ave,1,0,http://www.gunviolencearchive.org/incident/1066571,Unknown
"March 9, 2018",Florida,Lehigh Acres,7th St SW,0,0,http://www.gunviolencearchive.org/incident/1065829,Unknown
"March 9, 2018",Virginia,Hampton,Dunbar Rd and Delaware Ave,1,0,http://www.gunviolencearchive.org/incident/1066487,Unknown
"March 9, 2018",Pennsylvania,Pottstown,S York St and E High St,1,0,http://www.gunviolencearchive.org/incident/1065801,Unknown
"March 9, 2018",South Carolina,Greenville,1410 Buncombe Rd,0,1,http://www.gunviolencearchive.org/incident/1066476,Unknown
"March 9, 2018",Maryland,Baltimore,600 block of Appleton St,0,1,http://www.gunviolencearchive.org/incident/1065762,Unknown
"March 9, 2018",Michigan,Trenton (Woodhaven),20755 West Rd,2,0,http://www.gunviolencearchive.org/incident/1066987,Unknown
"March 9, 2018",Louisiana,Lacassine,409 Algonia Ave,0,0,http://www.gunviolencearchive.org/incident/1066467,Unknown
"March 9, 2018",Louisiana,Baton Rouge,1600 block of N 48th St,0,1,http://www.gunviolencearchive.org/incident/1066461,Unknown
"March 9, 2018",Florida,Saint Petersburg,4400 block of Burlington Ave N,0,1,http://www.gunviolencearchive.org/incident/1066455,Unknown
"March 9, 2018",Minnesota,Saint Paul,500 block of Beaumont St E,0,0,http://www.gunviolencearchive.org/incident/1066432,Unknown
"March 9, 2018",Minnesota,Saint Paul,600 block of Griggs St N,0,0,http://www.gunviolencearchive.org/incident/1066439,Unknown
"March 9, 2018",Minnesota,Minneapolis,1600 block of Fremont Ave N,0,0,http://www.gunviolencearchive.org/incident/1066433,
"March 9, 2018",Illinois,Evanston,800 block of Howard St,0,0,http://www.gunviolencearchive.org/incident/1068289,44 Mag
"March 9, 2018",Illinois,Chicago,10700 block of S Perry Ave,0,1,http://www.gunviolencearchive.org/incident/1066420,Unknown
"March 9, 2018",New York,Jamestown,Willard St Ext,0,0,http://www.gunviolencearchive.org/incident/1067409,Unknown
"March 9, 2018",Michigan,Detroit,15700 BLOCK OF KENTUCKY ST,0,0,http://www.gunviolencearchive.org/incident/1066419,
"March 9, 2018",Illinois,Chicago,7300 block of S Winchester Ave,0,0,http://www.gunviolencearchive.org/incident/1066416,Unknown
